{"cameraMode":{"drawMode":0,"name":"Shaded","section":"Shading Mode"},"sceneLighting":true,"audioPlay":false,"sceneViewState":{"showFog":true,"showMaterialUpdate":true,"showSkybox":true,"showFlares":true,"showImageEffects":true,"showParticleSystems":true},"in2DMode":false,"pivot":{"x":0.09638500213623047,"y":3.150254249572754,"z":-2.6234917640686037},"rotation":{"x":0.33403703570365908,"y":0.4623808264732361,"z":-0.19348984956741334,"w":0.7982786297798157},"size":16.125885009765626,"orthographic":false}